composer,title,labels
czerny,"Sonata No. 1 in A-Flat Major, Op. 7 - I. Andante - Allegro moderato ed espressivo",['sonata']
czerny,"Sonata No. 1 in A-Flat Major, Op. 7 - II. Prestissimo agitato",['scherzo_and_trio']
czerny,"Sonata No. 1 in A-Flat Major, Op. 7 - III. Adagio espressivo e cantabile",['sonata']
czerny,"Sonata No. 1 in A-Flat Major, Op. 7 - IV. Rondo. Allegretto",['rondo_sonata']
czerny,"Sonata No. 1 in A-Flat Major, Op. 7 - V. Capriccio Fugato. Tempo moderato",['fugue']
czerny,"Piano Sonata No. 2 in A Minor, Op. 13 - I. Molto allegro",['sonata']
czerny,"Piano Sonata No. 2 in A Minor, Op. 13 - II. Adagio sostenuto",['ternary']
czerny,"Piano Sonata No. 2 in A Minor, Op. 13 - III. Scherzo. Presto - Trio",['scherzo_and_trio']
czerny,"Piano Sonata No. 2 in A Minor, Op. 13 - IV. Allegro agitato",['sonata']
czerny,"Piano Sonata No. 2 in A Minor, Op. 13 - V. A la Fuga. Allegro energico",['fugue']
czerny,"Piano Sonata No. 3 in F Minor, Op. 57 - I. Allegro moderato",['sonata']
czerny,"Piano Sonata No. 3 in F Minor, Op. 57 - II. Andante con moto ma serioso","['ternary', 'rondo']"
czerny,"Piano Sonata No. 3 in F Minor, Op. 57 - III. Scherzo. Allegro molto agitato",['scherzo_and_trio']
czerny,"Piano Sonata No. 3 in F Minor, Op. 57 - IV. Finale. Allegro ma non troppo, Capriccioso",['sonata']
czerny,"Piano Sonata No. 4 in G Major, Op. 65 - I. Allegro vivace con energia",['sonata']
czerny,"Piano Sonata No. 4 in G Major, Op. 65 - II. Adagio molto espressivo",['sonata']
czerny,"Piano Sonata No. 4 in G Major, Op. 65 - III. Presto",['binary']
czerny,"Piano Sonata No. 4 in G Major, Op. 65 - IV. Finale. Rondino scherzando",['rondo']
czerny,"Piano Sonata No. 5 in E Major, Op. 76 - I. Allegro molto moderato ed espressivo","['ternary', 'rondo']"
czerny,"Piano Sonata No. 5 in E Major, Op. 76 - II. Aria. Andante cantabile",['ternary']
czerny,"Piano Sonata No. 5 in E Major, Op. 76 - III. Scherzo. Presto",['scherzo_and_trio']
czerny,"Piano Sonata No. 5 in E Major, Op. 76 - IV. Andantino con Variazione",['theme_and_variation']
czerny,"Piano Sonata No. 5 in E Major, Op. 76 - V. Finale. Toccatina - Allegro moderato",['binary']
czerny,"Piano Sonata No. 6 in D Minor, Op. 124 - I. Introduzione. Adagio sostenuto ed espressivo",['sonata']
czerny,"Piano Sonata No. 6 in D Minor, Op. 124 - II. Allegretto con moto - vivace ma serioso",['rondo']
czerny,"Piano Sonata No. 6 in D Minor, Op. 124 - III. Scherzo & Trio. Presto",['scherzo_and_trio']
czerny,"Piano Sonata No. 6 in D Minor, Op. 124 - IV. Chorale der Böhmen",['theme_and_variation']
czerny,"Piano Sonata No. 6 in D Minor, Op. 124 - V. Presto scherzando",['scherzo_and_trio']
czerny,"Piano Sonata No. 6 in D Minor, Op. 124 - VI. Finale. Allegro con fuoco",['sonata']
czerny,"Piano Sonata No. 7 in E Minor, Op. 143 - I. Allegro spiritoso",['sonata']
czerny,"Piano Sonata No. 7 in E Minor, Op. 143 - II. Andante. Sempre legato",['ternary']
czerny,"Piano Sonata No. 7 in E Minor, Op. 143 - III. Scherzo. Allegro vivo",['scherzo_and_trio']
czerny,"Piano Sonata No. 7 in E Minor, Op. 143 - IV. Allegretto",['ternary']
czerny,"Piano Sonata No. 7 in E Minor, Op. 143 - V. Finale. Allegro molto",['sonata']
czerny,"Piano Sonata No. 8 in E-Flat Major, Op. 144 - I. Allegro moderato",['sonata']
czerny,"Piano Sonata No. 8 in E-Flat Major, Op. 144 - II. Menuetto & Trio - Allegro non troppo",['scherzo_and_trio']
czerny,"Piano Sonata No. 8 in E-Flat Major, Op. 144 - III. Adagio con sentimento",['rondo_sonata']
czerny,"Piano Sonata No. 8 in E-Flat Major, Op. 144 - IV. Scherzo. Prestissimo",['ternary']
czerny,"Piano Sonata No. 8 in E-Flat Major, Op. 144 - V. Rondo. Allegretto moderatissimo",['rondo']
czerny,"Piano Sonata No. 9 in B Minor, Op. 145 - I. Allegro con brio",['sonata']
czerny,"Piano Sonata No. 9 in B Minor, Op. 145 - II. Scherzo. Allegro molto - Trio, Un poco sostenuto",['scherzo_and_trio']
czerny,"Piano Sonata No. 9 in B Minor, Op. 145 - III. Adagio, Molto espressivo",['sonata']
czerny,"Piano Sonata No. 9 in B Minor, Op. 145 - IV. Allegro vivace",['scherzo_and_trio']
czerny,"Piano Sonata No. 9 in B Minor, Op. 145 - V. Rondo. Allegro moderato",['rondo_sonata']
czerny,"Piano Sonata No. 9 in B Minor, Op. 145 - VI. Fuga. Allegro",['fugue']
czerny,"Piano Sonata No.10 in B-Flat Major, Op. 268 - I. Allegro con spirito",['sonata']
czerny,"Piano Sonata No.10 in B-Flat Major, Op. 268 - II. Adagio espressivo",['ternary']
czerny,"Piano Sonata No.10 in B-Flat Major, Op. 268 - III. Scherzo - Molto allegro quasi presto",['scherzo_and_trio']
czerny,"Piano Sonata No.10 in B-Flat Major, Op. 268 - IV. Finale - Allegro con fuoco",['rondo_sonata']
czerny,"Piano Sonata No. 11 in D-Flat Major, Op. 730 - I. Allegro agitato con spirito",['rondo_sonata']
czerny,"Piano Sonata No. 11 in D-Flat Major, Op. 730 - II. Adagio con espressione",['rondo']
czerny,"Piano Sonata No. 11 in D-Flat Major, Op. 730 - III. Scherzo. Molto allegro",['scherzo_and_trio']
czerny,"Piano Sonata No. 11 in D-Flat Major, Op. 730 - IV. Finale. Allegretto con anima",['rondo']
clementi,"Muzio Clementi, Costantino Mastroprimiano - Sonata in E-Flat Major, Op. 1 No. 1- I. Allegro con comodo",['sonata']
clementi,"Muzio Clementi, Costantino Mastroprimiano - Sonata in E-Flat Major, Op. 1 No. 1- II. Tempo di minuetto",['ternary']
clementi,"Muzio Clementi, Costantino Mastroprimiano - Sonata in G Major, Op. 1 No. 2- I. Spiritoso",['sonata']
clementi,"Muzio Clementi, Costantino Mastroprimiano - Sonata in G Major, Op. 1 No. 2- II. Allegro assai",['rondo']
clementi,"Muzio Clementi, Costantino Mastroprimiano - Sonata in B-Flat Major, Op. 1 No. 3- I. Maestoso",['sonata']
clementi,"Muzio Clementi, Costantino Mastroprimiano - Sonata in B-Flat Major, Op. 1 No. 3- II. Andantino grazioso",['ternary']
clementi,"Muzio Clementi, Costantino Mastroprimiano - Sonata in F Major, Op. 1 No. 4- I. Spiritoso",['sonata']
clementi,"Muzio Clementi, Costantino Mastroprimiano - Sonata in F Major, Op. 1 No. 4- II. Larghetto",['ternary']
clementi,"Muzio Clementi, Costantino Mastroprimiano - Sonata in F Major, Op. 1 No. 4- III. Rondeaux",['rondo']
clementi,"Muzio Clementi, Costantino Mastroprimiano - Sonata in A Major, Op. 1 No. 5- I. Larghetto",['sonata']
clementi,"Muzio Clementi, Costantino Mastroprimiano - Sonata in A Major, Op. 1 No. 5- II. Tempo di menuetto. Grazioso",['ternary']
clementi,"Muzio Clementi, Costantino Mastroprimiano - Sonata in E Major, Op. 1 No. 6- I. Moderato",['sonata']
clementi,"Muzio Clementi, Costantino Mastroprimiano - Sonata in E Major, Op. 1 No. 6- II. Rondeau. Grazioso",['rondo']
clementi,"Muzio Clementi, Costantino Mastroprimiano - Sonata in C Major, Op. 2 No. 2- I. Presto",['sonata']
clementi,"Muzio Clementi, Costantino Mastroprimiano - Sonata in C Major, Op. 2 No. 2- II. Rondeau. Spiritoso",['rondo']
clementi,"Muzio Clementi, Costantino Mastroprimiano - Sonata in A Major, Op. 2 No. 4- I. Allegro assai",['sonata']
clementi,"Muzio Clementi, Costantino Mastroprimiano - Sonata in A Major, Op. 2 No. 4- II. Spiritoso",['rondo']
clementi,"Muzio Clementi, Costantino Mastroprimiano - Sonata in B-Flat Major, Op. 2 No. 6- I. Allegro di molto",['sonata']
clementi,"Muzio Clementi, Costantino Mastroprimiano - Sonata in B-Flat Major, Op. 2 No. 6- II. Prestissimo",['sonata']
clementi,"Muzio Clementi, Costantino Mastroprimiano - Sonata in E-Flat Major, Op. 7 No. 1- I. Allegro assai",['sonata']
clementi,"Muzio Clementi, Costantino Mastroprimiano - Sonata in E-Flat Major, Op. 7 No. 1- II. Mesto",['ternary']
clementi,"Muzio Clementi, Costantino Mastroprimiano - Sonata in E-Flat Major, Op. 7 No. 1- III. Rondeau. Allegro",['rondo']
clementi,"Muzio Clementi, Costantino Mastroprimiano - Sonata in C Major, Op. 7 No. 2- I. Presto",['sonata']
clementi,"Muzio Clementi, Costantino Mastroprimiano - Sonata in C Major, Op. 7 No. 2- II. Andantino allegretto - Presto - Allegretto",['ternary']
clementi,"Muzio Clementi, Costantino Mastroprimiano - Sonata in G Minor, Op. 7 No. 3- I. Allegro con spirito",['sonata']
clementi,"Muzio Clementi, Costantino Mastroprimiano - Sonata in G Minor, Op. 7 No. 3- II. Cantabile e lento",['binary']
clementi,"Muzio Clementi, Costantino Mastroprimiano - Sonata in G Minor, Op. 7 No. 3- III. Presto",['sonata']
clementi,"Muzio Clementi, Costantino Mastroprimiano - Sonata in G Minor, Op. 8 No. 1- I. Allegro con molto spirito",['sonata']
clementi,"Muzio Clementi, Costantino Mastroprimiano - Sonata in G Minor, Op. 8 No. 1- II. Andante cantabile",['ternary']
clementi,"Muzio Clementi, Costantino Mastroprimiano - Sonata in G Minor, Op. 8 No. 1- III. Presto",['sonata']
clementi,"Muzio Clementi, Costantino Mastroprimiano - Sonata in E-Flat Major, Op. 8 No. 2- I. Allegro assai",['sonata']
clementi,"Muzio Clementi, Costantino Mastroprimiano - Sonata in E-Flat Major, Op. 8 No. 2- II. Larghetto",['ternary']
clementi,"Muzio Clementi, Costantino Mastroprimiano - Sonata in E-Flat Major, Op. 8 No. 2- III. Rondeau. Allegro",['rondo']
clementi,"Muzio Clementi, Costantino Mastroprimiano - Sonata in B-Flat Major, Op. 8 No. 3- I. Presto",['sonata']
clementi,"Muzio Clementi, Costantino Mastroprimiano - Sonata in B-Flat Major, Op. 8 No. 3- II. Minuetto. Allegro",['ternary']
clementi,"Muzio Clementi, Costantino Mastroprimiano - Sonata in B-Flat Major, Op. 8 No. 3- III. Rondeau. Allegretto grazioso",['rondo']
clementi,"Muzio Clementi, Costantino Mastroprimiano - Sonata in B-Flat Major, Op. 9 No. 1- I. Allegro assai",['sonata']
clementi,"Muzio Clementi, Costantino Mastroprimiano - Sonata in B-Flat Major, Op. 9 No. 1- II. Larghetto",['ternary']
clementi,"Muzio Clementi, Costantino Mastroprimiano - Sonata in B-Flat Major, Op. 9 No. 1- III. Rondo. Prestissimo",['rondo']
clementi,"Muzio Clementi, Costantino Mastroprimiano - Sonata in C Major, Op. 9 No. 2- I. Allegro assai",['sonata']
clementi,"Muzio Clementi, Costantino Mastroprimiano - Sonata in C Major, Op. 9 No. 2- II. Lento",['binary']
clementi,"Muzio Clementi, Costantino Mastroprimiano - Sonata in C Major, Op. 9 No. 2- III. Rondo. Allegro spiritoso",['rondo']
clementi,"Muzio Clementi, Costantino Mastroprimiano - Sonata in E-Flat Major, Op. 9 No. 3- I. Allegro assai",['sonata']
clementi,"Muzio Clementi, Costantino Mastroprimiano - Sonata in E-Flat Major, Op. 9 No. 3- II. Larghetto",['ternary']
clementi,"Muzio Clementi, Costantino Mastroprimiano - Sonata in E-Flat Major, Op. 9 No. 3- III. Prestissimo",['sonata']
clementi,"Muzio Clementi, Costantino Mastroprimiano - Sonata in A Major, Op. 10 No. 1- I. Allegro con spiritoso",['sonata']
clementi,"Muzio Clementi, Costantino Mastroprimiano - Sonata in A Major, Op. 10 No. 1- II. Minuetto. Allegro con molto - Trio",['ternary']
clementi,"Muzio Clementi, Costantino Mastroprimiano - Sonata in A Major, Op. 10 No. 1- III. Prestissimo",['sonata']
clementi,"Muzio Clementi, Costantino Mastroprimiano - Sonata in D Major, Op. 10 No. 2- I. Andante. Maestoso",['sonata']
clementi,"Muzio Clementi, Costantino Mastroprimiano - Sonata in D Major, Op. 10 No. 2- II. Presto",['sonata']
clementi,"Muzio Clementi, Costantino Mastroprimiano - Sonata in B-Flat Major, Op. 10 No. 3- I. Presto",['sonata']
clementi,"Muzio Clementi, Costantino Mastroprimiano - Sonata in B-Flat Major, Op. 10 No. 3- II. Tempo di minuetto con espressione e andante",['ternary']
clementi,"Muzio Clementi, Costantino Mastroprimiano - Sonata in B-Flat Major, Op. 10 No. 3- III. Allegro assai",['sonata']
clementi,"Muzio Clementi, Costantino Mastroprimiano - Sonata in E-Flat Major, Op. 11- I. Allegro (Second Version)",['sonata']
clementi,"Muzio Clementi, Costantino Mastroprimiano - Sonata in E-Flat Major, Op. 11- II. Larghetto con espressione (Second Version)",['ternary']
clementi,"Muzio Clementi, Costantino Mastroprimiano - Sonata in E-Flat Major, Op. 11- III. Rondo. Allegro di molto (Second Version)",['rondo']
clementi,"Muzio Clementi, Costantino Mastroprimiano - Sonata in B-Flat Major, Op. 12 No. 1- I. Presto",['sonata']
clementi,"Muzio Clementi, Costantino Mastroprimiano - Sonata in B-Flat Major, Op. 12 No. 1- II. Larghetto con espressione",['ternary']
clementi,"Muzio Clementi, Costantino Mastroprimiano - Sonata in B-Flat Major, Op. 12 No. 1- III. 'Lindor' with Variations. Allegretto",['theme_and_variation']
clementi,"Muzio Clementi, Costantino Mastroprimiano - Sonata in E-Flat Major, Op. 12 No. 2- I. Presto",['sonata']
clementi,"Muzio Clementi, Costantino Mastroprimiano - Sonata in E-Flat Major, Op. 12 No. 2- II. Largo",['ternary']
clementi,"Muzio Clementi, Costantino Mastroprimiano - Sonata in E-Flat Major, Op. 12 No. 2- III. Rondo. Allegro assai",['rondo']
clementi,"Muzio Clementi, Costantino Mastroprimiano - Sonata in F Major, Op. 12 No. 3- I. Allegro di molto",['sonata']
clementi,"Muzio Clementi, Costantino Mastroprimiano - Sonata in F Major, Op. 12 No. 3- II. Largo",['binary']
clementi,"Muzio Clementi, Costantino Mastroprimiano - Sonata in F Major, Op. 12 No. 3- III. Rondeau. Allegro",['rondo']
clementi,"Muzio Clementi, Costantino Mastroprimiano - Sonata in E-Flat Major, Op. 12 No. 4- I. Allegro",['sonata']
clementi,"Muzio Clementi, Costantino Mastroprimiano - Sonata in E-Flat Major, Op. 12 No. 4- II. Lento",['ternary']
clementi,"Muzio Clementi, Costantino Mastroprimiano - Sonata in E-Flat Major, Op. 12 No. 4- III. Rondeau. Allegro con spirito",['rondo']
clementi,"Muzio Clementi, Costantino Mastroprimiano - Sonata in B-Flat Major, Op. 13 No. 4- I. Allegro con spirito",['sonata']
clementi,"Muzio Clementi, Costantino Mastroprimiano - Sonata in B-Flat Major, Op. 13 No. 4- II. Adagio",['ternary']
clementi,"Muzio Clementi, Costantino Mastroprimiano - Sonata in B-Flat Major, Op. 13 No. 4- III. Allegro assai",['rondo']
clementi,"Muzio Clementi, Costantino Mastroprimiano - Sonata in F Major, Op. 13 No. 5- I. Allegro",['sonata']
clementi,"Muzio Clementi, Costantino Mastroprimiano - Sonata in F Major, Op. 13 No. 5- II. Larghetto",['ternary']
clementi,"Muzio Clementi, Costantino Mastroprimiano - Sonata in F Major, Op. 13 No. 5- III. Presto",['sonata']
clementi,"Muzio Clementi, Costantino Mastroprimiano - Sonata in F Minor, Op. 13 No. 6- I. Allegro agitato",['sonata']
clementi,"Muzio Clementi, Costantino Mastroprimiano - Sonata in F Minor, Op. 13 No. 6- II. Largo e sostenuto",['sonata']
clementi,"Muzio Clementi, Costantino Mastroprimiano - Sonata in F Minor, Op. 13 No. 6- III. Presto",['sonata']
clementi,"Muzio Clementi, Costantino Mastroprimiano - La Chasse in D Major, Op. 16- I. Allegro",['sonata']
clementi,"Muzio Clementi, Costantino Mastroprimiano - La Chasse in D Major, Op. 16- II. Andante vivace",['ternary']
clementi,"Muzio Clementi, Costantino Mastroprimiano - La Chasse in D Major, Op. 16- III. Allegro assai",['rondo']
clementi,"Muzio Clementi, Costantino Mastroprimiano - Sonata in C Major, Op. 20- I. Allegro",['sonata']
clementi,"Muzio Clementi, Costantino Mastroprimiano - Sonata in C Major, Op. 20- II. Larghetto con espressione",['ternary']
clementi,"Muzio Clementi, Costantino Mastroprimiano - Sonata in C Major, Op. 20- III. Allegro molto",['sonata']
clementi,"Muzio Clementi, Costantino Mastroprimiano - Sonata in E-Flat Major, Op. 23 No. 1- I. Allegro molto",['sonata']
clementi,"Muzio Clementi, Costantino Mastroprimiano - Sonata in E-Flat Major, Op. 23 No. 1- II. Rondeau. Vivace",['rondo']
clementi,"Muzio Clementi, Costantino Mastroprimiano - Sonata in F Major, Op. 23 No. 2- I. Allegro con spirito",['sonata']
clementi,"Muzio Clementi, Costantino Mastroprimiano - Sonata in F Major, Op. 23 No. 2- II. Adagio",['ternary']
clementi,"Muzio Clementi, Costantino Mastroprimiano - Sonata in F Major, Op. 23 No. 2- III. Rondo. Allegro con spirito",['rondo']
clementi,"Muzio Clementi, Costantino Mastroprimiano - Sonata in E-Flat Major, Op. 23 No. 3- I. Allegro con vivacità",['sonata']
clementi,"Muzio Clementi, Costantino Mastroprimiano - Sonata in E-Flat Major, Op. 23 No. 3- II. Air with 8 Variations. Allegretto vivace",['theme_and_variation']
clementi,"Muzio Clementi, Costantino Mastroprimiano - Sonata in F Major, Op. 24 No. 1- I. Allegro assai",['sonata']
clementi,"Muzio Clementi, Costantino Mastroprimiano - Sonata in F Major, Op. 24 No. 1- II. Adagio",['binary']
clementi,"Muzio Clementi, Costantino Mastroprimiano - Sonata in F Major, Op. 24 No. 1- III. Arietta Con variazione. Vivace",['theme_and_variation']
clementi,"Muzio Clementi, Costantino Mastroprimiano - Sonata in B-Flat Major, Op. 24 No. 2- I. Allegro con brio",['sonata']
clementi,"Muzio Clementi, Costantino Mastroprimiano - Sonata in B-Flat Major, Op. 24 No. 2- II. Andante quasi allegretto",['binary']
clementi,"Muzio Clementi, Costantino Mastroprimiano - Sonata in B-Flat Major, Op. 24 No. 2- III. Rondo. Allegro assai",['rondo']
clementi,"Muzio Clementi, Costantino Mastroprimiano - Sonata in C Major, Op. 25 No. 1- I. Allegro di molto",['sonata']
clementi,"Muzio Clementi, Costantino Mastroprimiano - Sonata in C Major, Op. 25 No. 1- II. Adagio",['ternary']
clementi,"Muzio Clementi, Costantino Mastroprimiano - Sonata in C Major, Op. 25 No. 1- III. Rondeau. Presto",['rondo']
clementi,"Muzio Clementi, Costantino Mastroprimiano - Sonata in G Major, Op. 25 No. 2- I. Allegro con brio",['sonata']
clementi,"Muzio Clementi, Costantino Mastroprimiano - Sonata in G Major, Op. 25 No. 2- II. Rondo. Un poco allegro",['rondo']
clementi,"Muzio Clementi, Costantino Mastroprimiano - Sonata in B-Flat Major, Op. 25 No. 3- I. Allegro",['sonata']
clementi,"Muzio Clementi, Costantino Mastroprimiano - Sonata in B-Flat Major, Op. 25 No. 3- II. Rondo. Vivace",['rondo']
clementi,"Muzio Clementi, Costantino Mastroprimiano - Sonata in A Major, Op. 25 No. 4- I. Maestoso e cantabile",['sonata']
clementi,"Muzio Clementi, Costantino Mastroprimiano - Sonata in A Major, Op. 25 No. 4- II. Molto allegro",['rondo']
clementi,"Muzio Clementi, Costantino Mastroprimiano - Sonata in F-Sharp Minor, Op. 25 No. 5- I. Più tosto allegro con espressione",['sonata']
clementi,"Muzio Clementi, Costantino Mastroprimiano - Sonata in F-Sharp Minor, Op. 25 No. 5- II. Lento e patetico",['binary']
clementi,"Muzio Clementi, Costantino Mastroprimiano - Sonata in F-Sharp Minor, Op. 25 No. 5- III. Presto",['sonata']
clementi,"Muzio Clementi, Costantino Mastroprimiano - Sonata in D Major, Op. 25 No. 6- I. Presto",['sonata']
clementi,"Muzio Clementi, Costantino Mastroprimiano - Sonata in D Major, Op. 25 No. 6- II. Un poco andante",['ternary']
clementi,"Muzio Clementi, Costantino Mastroprimiano - Sonata in D Major, Op. 25 No. 6- III. Rondo. Allegro assai",['rondo']
clementi,"Muzio Clementi, Costantino Mastroprimiano - Sonata in F Major, Op. 26- I. Allegro",['sonata']
clementi,"Muzio Clementi, Costantino Mastroprimiano - Sonata in F Major, Op. 26- II. Rondeau. Allegretto",['rondo']
clementi,"Muzio Clementi, Costantino Mastroprimiano - Sonata in A Major, Op. 33 No. 1- I. Allegro",['sonata']
clementi,"Muzio Clementi, Costantino Mastroprimiano - Sonata in A Major, Op. 33 No. 1- II. Presto",['rondo']
clementi,"Muzio Clementi, Costantino Mastroprimiano - Sonata in F Major, Op. 33 No. 2- I. Adagio - Allegro con fuoco",['sonata']
clementi,"Muzio Clementi, Costantino Mastroprimiano - Sonata in F Major, Op. 33 No. 2- II. Presto",['rondo']
clementi,"Muzio Clementi, Costantino Mastroprimiano - Sonata in C Major, Op. 33 No. 3- I. Allegro con spirito",['sonata']
clementi,"Muzio Clementi, Costantino Mastroprimiano - Sonata in C Major, Op. 33 No. 3- II. Adagio e cantabile con grand'espressione",['binary']
clementi,"Muzio Clementi, Costantino Mastroprimiano - Sonata in C Major, Op. 33 No. 3- III. Presto",['rondo']
clementi,"Muzio Clementi, Costantino Mastroprimiano - Sonata in C Major, Op. 34 No. 1- I. Allegro con spirito",['sonata']
clementi,"Muzio Clementi, Costantino Mastroprimiano - Sonata in C Major, Op. 34 No. 1- II. Un poco andante, quasi allegretto",['ternary']
clementi,"Muzio Clementi, Costantino Mastroprimiano - Sonata in C Major, Op. 34 No. 1- III. Finale. Allegro",['rondo']
clementi,"Muzio Clementi, Costantino Mastroprimiano - Sonata in G Minor, Op. 34 No. 2- I. Largo e sostenuto - Allegro con fuoco",['sonata']
clementi,"Muzio Clementi, Costantino Mastroprimiano - Sonata in G Minor, Op. 34 No. 2- II. Un poco adagio",['binary']
clementi,"Muzio Clementi, Costantino Mastroprimiano - Sonata in G Minor, Op. 34 No. 2- III. Finale. Molto allegro",['sonata']
clementi,"Muzio Clementi, Costantino Mastroprimiano - Sonata in C Major, Op. 37 No. 1- I. Allegro di molto",['sonata']
clementi,"Muzio Clementi, Costantino Mastroprimiano - Sonata in C Major, Op. 37 No. 1- II. Adagio sostenuto",['ternary']
clementi,"Muzio Clementi, Costantino Mastroprimiano - Sonata in C Major, Op. 37 No. 1- III. Finale. Vivace",['rondo']
clementi,"Muzio Clementi, Costantino Mastroprimiano - Sonata in G Major, Op. 37 No. 2- I. Allegro",['sonata']
clementi,"Muzio Clementi, Costantino Mastroprimiano - Sonata in G Major, Op. 37 No. 2- II. Adagio. In the Solemn Style",['binary']
clementi,"Muzio Clementi, Costantino Mastroprimiano - Sonata in G Major, Op. 37 No. 2- III. Allegro con spirito",['rondo']
clementi,"Muzio Clementi, Costantino Mastroprimiano - Sonata in D Major, Op. 37 No. 3- I. Allegro",['sonata']
clementi,"Muzio Clementi, Costantino Mastroprimiano - Sonata in D Major, Op. 37 No. 3- II. Allegretto vivace",['ternary']
clementi,"Muzio Clementi, Costantino Mastroprimiano - Sonata in D Major, Op. 37 No. 3- III. Finale. Presto",['rondo']
clementi,"Muzio Clementi, Costantino Mastroprimiano - Sonata in G Major, Op. 40 No. 1- I. Allegro molto vivace",['sonata']
clementi,"Muzio Clementi, Costantino Mastroprimiano - Sonata in G Major, Op. 40 No. 1- II. Adagio, sostenuto e cantabile",['rondo']
clementi,"Muzio Clementi, Costantino Mastroprimiano - Sonata in G Major, Op. 40 No. 1- III. Allegro. Canone I perpetuo, per moto retto - Canone II perpetuo, per moto contrario",['ternary']
clementi,"Muzio Clementi, Costantino Mastroprimiano - Sonata in G Major, Op. 40 No. 1- IV. Finale. Presto",['rondo']
clementi,"Muzio Clementi, Costantino Mastroprimiano - Sonata in B Minor, Op. 40 No. 2- I. Molto adagio e sostenuto - Allegro con fuoco e con espressione",['sonata']
clementi,"Muzio Clementi, Costantino Mastroprimiano - Sonata in B Minor, Op. 40 No. 2- II. Allegro - Tempo primo - Presto",['sonata']
clementi,"Muzio Clementi, Costantino Mastroprimiano - Sonata in D Major, Op. 40 No. 3- I. Adagio molto - Allegro",['sonata']
clementi,"Muzio Clementi, Costantino Mastroprimiano - Sonata in D Major, Op. 40 No. 3- II. Adagio con molta espressione",['ternary']
clementi,"Muzio Clementi, Costantino Mastroprimiano - Sonata in D Major, Op. 40 No. 3- III. Allegro",['rondo']
clementi,"Muzio Clementi, Costantino Mastroprimiano - Sonata in E-Flat Major, Op. 41- I. Allegro ma con grazia",['sonata']
clementi,"Muzio Clementi, Costantino Mastroprimiano - Sonata in E-Flat Major, Op. 41- II. Adagio molto e con anima",['ternary']
clementi,"Muzio Clementi, Costantino Mastroprimiano - Sonata in E-Flat Major, Op. 41- III. Allegro molto vivace",['sonata']
clementi,"Muzio Clementi, Costantino Mastroprimiano - Sonata in B-Flat Major, Op. 46- I. Allegro con brio",['sonata']
clementi,"Muzio Clementi, Costantino Mastroprimiano - Sonata in B-Flat Major, Op. 46- II. Adagio cantabile e sostenuto",['ternary']
clementi,"Muzio Clementi, Costantino Mastroprimiano - Sonata in B-Flat Major, Op. 46- III. Finale. Allegro con fuoco",['sonata']
clementi,"Muzio Clementi, Costantino Mastroprimiano - Sonata in A Major, Op. 50 No. 1- I. Allegro maestoso e con sentimento",['sonata']
clementi,"Muzio Clementi, Costantino Mastroprimiano - Sonata in A Major, Op. 50 No. 1- II. Adagio sostenuto e patetico",['ternary']
clementi,"Muzio Clementi, Costantino Mastroprimiano - Sonata in A Major, Op. 50 No. 1- III. Allegro vivace",['sonata']
clementi,"Muzio Clementi, Costantino Mastroprimiano - Sonata in D Minor, Op. 50 No. 2- I. Allegro non troppo, ma con energia",['sonata']
clementi,"Muzio Clementi, Costantino Mastroprimiano - Sonata in D Minor, Op. 50 No. 2- II. Adagio con espressione",['ternary']
clementi,"Muzio Clementi, Costantino Mastroprimiano - Sonata in D Minor, Op. 50 No. 2- III. Allegro con fuoco, ma non troppo presto",['sonata']
clementi,"Muzio Clementi, Costantino Mastroprimiano - Sonata in G Minor, Op. 50 No. 3 'Didone abbandonata'- I. Largo patetico e sostenuto - Allegro ma non espressione",['sonata']
clementi,"Muzio Clementi, Costantino Mastroprimiano - Sonata in G Minor, Op. 50 No. 3 'Didone abbandonata'- II. Adagio dolente",['ternary']
clementi,"Muzio Clementi, Costantino Mastroprimiano - Sonata in G Minor, Op. 50 No. 3 'Didone abbandonata'- III. Allegro agitato e con disperazione",['sonata']
clementi,"Muzio Clementi, Costantino Mastroprimiano - Sonata in B-Flat Major, Op. 1a No. 2- I. Allegro moderato",['sonata']
clementi,"Muzio Clementi, Costantino Mastroprimiano - Sonata in G Major, Op. 1a No. 3- I. Allegretto",['ternary']
clementi,"Muzio Clementi, Costantino Mastroprimiano - Sonata in F Major, Op. 1a No. 1- I. Andante",['rondo']
clementi,"Muzio Clementi, Costantino Mastroprimiano - Sonata in B-Flat Major, Op. 1a No. 2- II. Andantino grazioso",['ternary']
clementi,"Muzio Clementi, Costantino Mastroprimiano - Sonata in A Major, Op. 1a No. 4- I. Larghetto",['ternary']
clementi,"Muzio Clementi, Costantino Mastroprimiano - Sonata in A Major, Op. 1a No. 4- II. Tempo di minuetto",['ternary']
clementi,"Muzio Clementi, Costantino Mastroprimiano - Sonata in F Major, Op. 1a No. 1- II. Allegro. La Pantoufle avec des variations",['theme_and_variation']
clementi,"Muzio Clementi, Costantino Mastroprimiano - Sonata in B-Flat Major, Op. 1a No. 2- III. Allegro. Air du balet de Mirza avec des Variations",['theme_and_variation']
clementi,"Muzio Clementi, Costantino Mastroprimiano - Sonata in G Major, Op. 1a No. 3- II. Air anglaise avec des variations. 'Black Joke'",['theme_and_variation']
clementi,"Muzio Clementi, Costantino Mastroprimiano - Sonata in A Major, Op. 1a No. 4- I. Larghetto",['sonata']
clementi,"Muzio Clementi, Costantino Mastroprimiano - Sonata in G Major, WoO 14- I. Allegro",['sonata']
clementi,"Muzio Clementi, Costantino Mastroprimiano - Sonata in G Major, WoO 14- II. Allegro assai",['rondo']
clementi,"Muzio Clementi, Costantino Mastroprimiano - Sonata in F Major, WoO 3- I. Vivace",['sonata']
clementi,"Muzio Clementi, Costantino Mastroprimiano - Sonata in F Major, WoO 3- II. Rondeau. Spiritoso",['rondo']
mozart,"Mozart- Piano Sonata in C major, K. 279- 1st mov. Allegro",['sonata']
mozart,"Mozart- Piano Sonata in C major, K. 279- 2nd mov. Andante",['sonata']
mozart,"Mozart- Piano Sonata in C major, K. 279- 3rd mov. Allegro",['sonata']
mozart,"Mozart- Piano Sonata in F major, K. 280- 1st mov. Allegro assai",['sonata']
mozart,"Mozart- Piano Sonata in F major, K. 280- 2nd mov. Adagio",['sonata']
mozart,"Mozart- Piano Sonata in F major, K. 280- 3rd mov. Presto",['sonata']
mozart,"Mozart- Piano Sonata in B flat major, K. 281- 1st mov. Allegro",['sonata']
mozart,"Mozart- Piano Sonata in B flat major, K. 281- 2nd mov. Andante amoroso",['sonata']
mozart,"Mozart- Piano Sonata in B flat major, K. 281- 3rd mov. Rondeau (Allegro)","['rondo', 'rondo_sonata']"
mozart,"Mozart- Piano Sonata in E flat major, K. 282- 1st mov. Adagio","['binary', 'hybrid']"
mozart,"Mozart- Piano Sonata in E flat major, K. 282- 2nd mov. Menuetto I - II",['minuet_and_trio']
mozart,"Mozart- Piano Sonata in E flat major, K. 282- 3rd mov. Allegro",['sonata']
mozart,"Mozart- Piano Sonata in G major, K. 283- 1st mov. Allegro",['sonata']
mozart,"Mozart- Piano Sonata in G major, K. 283- 2nd mov. Andante",['sonata']
mozart,"Mozart- Piano Sonata in G major, K. 283- 3rd mov. Presto",['sonata']
mozart,"Mozart- Piano Sonata in D major, K. 284 'Dürnitz'- 1st mov. Allegro",['sonata']
mozart,"Mozart- Piano Sonata in D major, K. 284 'Dürnitz'- 2nd mov. Rondeau en Polonaise (Andante)",['rondo_sonata']
mozart,"Mozart- Piano Sonata in D major, K. 284 'Dürnitz'- 3rd mov. Andante",['theme_and_variations']
mozart,"Mozart- Piano Sonata in C major, K. 309- 1st mov. Allegro con spirito",['sonata']
mozart,"Mozart- Piano Sonata in C major, K. 309- 2nd mov. Andante un poco Adagio","['ternary', 'episodical']"
mozart,"Mozart- Piano Sonata in C major, K. 309- 3rd mov. Rondeau (Allegretto grazioso)",['rondo_sonata']
mozart,"Mozart- Piano Sonata in A minor, K. 310- 1st mov. Allegro maestoso",['sonata']
mozart,"Mozart- Piano Sonata in A minor, K. 310- 2nd mov. Andante cantabile con espressione",['sonata']
mozart,"Mozart- Piano Sonata in A minor, K. 310- 3rd mov. Presto",['rondo_sonata']
mozart,"Mozart- Piano Sonata in D major, K. 311- 1st mov. Allegro con spirito",['sonata']
mozart,"Mozart- Piano Sonata in D major, K. 311- 2nd mov. Andante con espressione",['rondo_sonata']
mozart,"Mozart- Piano Sonata in D major, K. 311- 3rd mov. Rondeau, Allegro","['rondo', 'rondo_sonata']"
mozart,"Mozart- Piano Sonata in C major, K. 330- 1st mov. Allegro moderato",['sonata']
mozart,"Mozart- Piano Sonata in C major, K. 330- 2nd mov. Andante cantabile","['ternary', 'episodical']"
mozart,"Mozart- Piano Sonata in C major, K. 330- 3rd mov. Allegretto",['sonata']
mozart,Mozart- Piano Sonata in A major ('Alla Turca') K. 331- 1st mov. Andante grazioso,['theme_and_variations']
mozart,Mozart- Piano Sonata in A major ('Alla Turca') K. 331- 2nd mov. Menuetto,['minuet_and_trio']
mozart,"Mozart- Piano Sonata in A major ('Alla Turca') K. 331- 3rd mov. Alla Turca, Allegretto","['ternary', 'episodical']"
mozart,"Mozart- Piano Sonata in F major, K. 332- 1st mov. Allegro",['sonata']
mozart,"Mozart- Piano Sonata in F major, K. 332- 2nd mov. Adagio",['sonata']
mozart,"Mozart- Piano Sonata in F major, K. 332- 3rd mov. Allegro assai",['sonata']
mozart,"Mozart- Piano Sonata in B flat major, K. 333- 1st mov. Allegro",['sonata']
mozart,"Mozart- Piano Sonata in B flat major, K. 333- 2nd mov. Andante cantabile",['sonata']
mozart,"Mozart- Piano Sonata in B flat major, K. 333- 3rd mov. Allegretto grazioso",['rondo_sonata']
mozart,"Mozart- Piano Sonata in C minor, K. 457- 1st mov. Molto allegro",['sonata']
mozart,"Mozart- Piano Sonata in C minor, K. 457- 2nd mov. Adagio",['rondo']
mozart,"Mozart- Piano Sonata in C minor, K. 457- 3rd mov. Allegro assai",['rondo_sonata']
mozart,"Mozart- Piano Sonata in F major, K. 533 & 494- 1st mov. Allegro [K. 533]",['sonata']
mozart,"Mozart- Piano Sonata in F major, K. 533 & 494- 2nd mov. Andante [K. 533]",['sonata']
mozart,"Mozart- Piano Sonata in F major, K. 533 & 494- 3rd mov. Rondo - Allegretto [K. 494]",['rondo_sonata']
mozart,Mozart- Piano Sonata in C major ('Sonata semplice') K. 545- 1st mov. Allegro,['sonata']
mozart,Mozart- Piano Sonata in C major ('Sonata semplice') K. 545- 2nd mov. Andante,['rondo']
mozart,Mozart- Piano Sonata in C major ('Sonata semplice') K. 545- 3rd mov. Rondo (Allegretto),['rondo']
mozart,"Mozart- Piano Sonata in B flat major, K. 570- 1st mov. Allegro",['sonata']
mozart,"Mozart- Piano Sonata in B flat major, K. 570- 2nd mov. Adagio",['rondo']
mozart,"Mozart- Piano Sonata in B flat major, K. 570- 3rd mov. Allegretto","['episodical', 'ternary']"
mozart,Mozart- Piano Sonata in D major K. 576- 1st mov. Allegro,['sonata']
mozart,Mozart- Piano Sonata in D major K. 576- 2nd mov. Adagio,"['rondo', 'ternary', 'episodical']"
mozart,Mozart- Piano Sonata in D major K. 576- 3rd mov. Allegretto,"['ternary', 'rondo_sonata']"
mozart,Mozart- Piano Sonata in B flat major K. 498a- 1st mov. Allegro,['sonata']
mozart,Mozart- Piano Sonata in B flat major K. 498a- 2nd mov. Andante,['theme_and_variations']
mozart,Mozart- Piano Sonata in B flat major K. 498a- 3rd mov. Allegro,['minuet_and_trio']
mozart,Mozart- Piano Sonata in B flat major K. 498a- 4th mov. Allegro,['rondo']
beethoven,"Beethoven - Piano Sonata No. 1 in F Minor, Op. 2 No. 1 - I. Allegro",['sonata']
beethoven,"Beethoven - Piano Sonata No. 1 in F Minor, Op. 2 No. 1 - II. Adagio","['rondo', 'sonata']"
beethoven,"Beethoven - Piano Sonata No. 1 in F Minor, Op. 2 No. 1 - III. Menuetto. Allegretto","['ternary', 'minuet_and_trio']"
beethoven,"Beethoven - Piano Sonata No. 1 in F Minor, Op. 2 No. 1 - IV. Prestissimo",['sonata']
beethoven,"Beethoven - Piano Sonata No. 2 in A Major, Op. 2 No. 2 - I. Allegro vivace",['sonata']
beethoven,"Beethoven - Piano Sonata No. 2 in A Major, Op. 2 No. 2 - II. Largo appassionato","['ternary', 'rondo']"
beethoven,"Beethoven - Piano Sonata No. 2 in A Major, Op. 2 No. 2 - III. Scherzo. Allegretto",['scherzo_and_trio']
beethoven,"Beethoven - Piano Sonata No. 2 in A Major, Op. 2 No. 2 - IV. Rondo. Grazioso","['rondo', 'rondo_sonata']"
beethoven,"Beethoven - Piano Sonata No. 3 in C Major, Op. 2 No. 3 - I. Allegro con brio",['sonata']
beethoven,"Beethoven - Piano Sonata No. 3 in C Major, Op. 2 No. 3 - II. Adagio",['rondo']
beethoven,"Beethoven - Piano Sonata No. 3 in C Major, Op. 2 No. 3 - III. Scherzo. Allegro",['scherzo_and_trio']
beethoven,"Beethoven - Piano Sonata No. 3 in C Major, Op. 2 No. 3 - IV. Allegro assai","['rondo', 'rondo_sonata']"
beethoven,"Beethoven - Piano Sonata No. 4 in E-Flat Major, Op. 7 'Grand Sonata' - I. Allegro molto e con brio",['sonata']
beethoven,"Beethoven - Piano Sonata No. 4 in E-Flat Major, Op. 7 'Grand Sonata' - II. Largo, con gran...",['ternary']
beethoven,"Beethoven - Piano Sonata No. 4 in E-Flat Major, Op. 7 'Grand Sonata' - III. Allegro - Trio","['scherzo_and_trio', 'minuet_and_trio']"
beethoven,"Beethoven - Piano Sonata No. 4 in E-Flat Major, Op. 7 'Grand Sonata' - IV. Rondo. Poco...","['rondo', 'rondo_sonata']"
beethoven,"Beethoven - Piano Sonata No. 5 in C Minor, Op. 10 No. 1 - I. Allegro molto e con brio",['sonata']
beethoven,"Beethoven - Piano Sonata No. 5 in C Minor, Op. 10 No. 1 - II. Adagio molto",['sonata']
beethoven,"Beethoven - Piano Sonata No. 5 in C Minor, Op. 10 No. 1 - III. Finale. Prestissimo",['sonata']
beethoven,"Beethoven - Piano Sonata No. 6 in F Major, Op. 10 No. 2 - I. Allegro",['sonata']
beethoven,"Beethoven - Piano Sonata No. 6 in F Major, Op. 10 No. 2 - II. Allegretto","['ternary', 'minuet_and_trio']"
beethoven,"Beethoven - Piano Sonata No. 6 in F Major, Op. 10 No. 2 - III. Presto",['sonata']
beethoven,"Beethoven - Piano Sonata No. 7 in D Major, Op. 10 No. 3 - I. Presto",['sonata']
beethoven,"Beethoven - Piano Sonata No. 7 in D Major, Op. 10 No. 3 - II. Largo e mesto","['ternary', 'sonata']"
beethoven,"Beethoven - Piano Sonata No. 7 in D Major, Op. 10 No. 3 - III. Menuetto. Allegro","['ternary', 'minuet_and_trio']"
beethoven,"Beethoven - Piano Sonata No. 7 in D Major, Op. 10 No. 3 - IV. Rondo. Allegro",['rondo']
beethoven,"Beethoven - Piano Sonata No. 8 in C Minor, Op. 13 'Pathétique' - I. Grave - Allegro di molto e...",['sonata']
beethoven,"Beethoven - Piano Sonata No. 8 in C Minor, Op. 13 'Pathétique' - II. Adagio cantabile",['rondo']
beethoven,"Beethoven - Piano Sonata No. 8 in C Minor, Op. 13 'Pathétique' - III. Rondo. Allegro","['rondo', 'rondo_sonata']"
beethoven,"Beethoven - Piano Sonata No. 9 in E Major, Op. 14 No. 1 - I. Allegro",['sonata']
beethoven,"Beethoven - Piano Sonata No. 9 in E Major, Op. 14 No. 1 - II. Allegretto",['ternary']
beethoven,"Beethoven - Piano Sonata No. 9 in E Major, Op. 14 No. 1 - III. Rondo. Allegro comodo","['rondo', 'rondo_sonata']"
beethoven,"Beethoven - Piano Sonata No. 10 in G Major, Op. 14 No. 2 - I. Allegro",['sonata']
beethoven,"Beethoven - Piano Sonata No. 10 in G Major, Op. 14 No. 2 - II. Andante",['theme_and_variations']
beethoven,"Beethoven - Piano Sonata No. 10 in G Major, Op. 14 No. 2 - III. Scherzo. Allegro assai",['rondo']
beethoven,"Beethoven - Piano Sonata No. 11 in B-Flat Major, Op. 22 - I. Allegro con brio",['sonata']
beethoven,"Beethoven - Piano Sonata No. 11 in B-Flat Major, Op. 22 - II. Adagio con molto espressione",['sonata']
beethoven,"Beethoven - Piano Sonata No. 11 in B-Flat Major, Op. 22 - III. Menuetto","['ternary', 'minuet_and_trio']"
beethoven,"Beethoven - Piano Sonata No. 11 in B-Flat Major, Op. 22 - IV. Rondo. Allegretto","['rondo', 'rondo_sonata']"
beethoven,"Beethoven - Piano Sonata No. 12 in A-Flat Major, Op. 26 'Funeral March' - I. Andante con variazioni",['theme_and_variations']
beethoven,"Beethoven - Piano Sonata No. 12 in A-Flat Major, Op. 26 'Funeral March' - II. Scherzo. Allegro molto","['ternary', 'scherzo_and_trio']"
beethoven,"Beethoven - Piano Sonata No. 12 in A-Flat Major, Op. 26 'Funeral March' - III. Marcia funebre...","['ternary', 'minuet_and_trio']"
beethoven,"Beethoven - Piano Sonata No. 12 in A-Flat Major, Op. 26 'Funeral March' - IV. Allegro","['rondo', 'rondo_sonata']"
beethoven,"Beethoven - Piano Sonata No. 13 in E-Flat Major, Op. 27 No. 1 'Quasi una fantasia' - I. Andante...",['ternary']
beethoven,"Beethoven - Piano Sonata No. 13 in E-Flat Major, Op. 27 No. 1 'Quasi una fantasia' - II. Allegro...","['ternary', 'scherzo_and_trio']"
beethoven,"Beethoven - Piano Sonata No. 13 in E-Flat Major, Op. 27 No. 1 'Quasi una fantasia' - III. Adagio...",['ternary']
beethoven,"Beethoven - Piano Sonata No. 13 in E-Flat Major, Op. 27 No. 1 'Quasi una fantasia' - IV. Allegro...","['rondo', 'rondo_sonata']"
beethoven,"Beethoven - Piano Sonata No. 14 in C-Sharp Minor, Op. 27 No. 2 'Moonlight' - I. Adagio sostenuto",['sonata']
beethoven,"Beethoven - Piano Sonata No. 14 in C-Sharp Minor, Op. 27 No. 2 'Moonlight' - II. Allegretto","['ternary', 'minuet_and_trio']"
beethoven,"Beethoven - Piano Sonata No. 14 in C-Sharp Minor, Op. 27 No. 2 'Moonlight' - III. Presto agitato",['sonata']
beethoven,"Beethoven - Piano Sonata No. 15 in D Major, Op. 28 'Pastorale' - I. Allegro",['sonata']
beethoven,"Beethoven - Piano Sonata No. 15 in D Major, Op. 28 'Pastorale' - II. Andante",['ternary']
beethoven,"Beethoven - Piano Sonata No. 15 in D Major, Op. 28 'Pastorale' - III. Scherzo. Allegro vivace","['ternary', 'scherzo_and_trio']"
beethoven,"Beethoven - Piano Sonata No. 15 in D Major, Op. 28 'Pastorale' - IV. Rondo. Allegro ma non troppo","['rondo', 'rondo_sonata']"
beethoven,"Beethoven - Piano Sonata No. 16 in G Major, Op. 31 No. 1 - I. Allegro vivace",['sonata']
beethoven,"Beethoven - Piano Sonata No. 16 in G Major, Op. 31 No. 1 - II. Adagio grazioso","['rondo', 'ternary']"
beethoven,"Beethoven - Piano Sonata No. 16 in G Major, Op. 31 No. 1 - III. Rondo. Allegretto","['rondo', 'rondo_sonata']"
beethoven,"Beethoven - Piano Sonata No. 17 in D Minor, Op. 31 No. 2 'The Tempest' - I. Largo - Allegro",['sonata']
beethoven,"Beethoven - Piano Sonata No. 17 in D Minor, Op. 31 No. 2 'The Tempest' - II. Adagio",['sonata']
beethoven,"Beethoven - Piano Sonata No. 17 in D Minor, Op. 31 No. 2 'The Tempest' - III. Allegretto",['sonata']
beethoven,"Beethoven - Piano Sonata No. 18 in E-Flat Major, Op. 31 No. 3 'The Hunt' - I. Allegro",['sonata']
beethoven,"Beethoven - Piano Sonata No. 18 in E-Flat Major, Op. 31 No. 3 'The Hunt' - II. Scherzo....",['sonata']
beethoven,"Beethoven - Piano Sonata No. 18 in E-Flat Major, Op. 31 No. 3 'The Hunt' - III. Menuetto....","['ternary', 'minuet_and_trio']"
beethoven,"Beethoven - Piano Sonata No. 18 in E-Flat Major, Op. 31 No. 3 'The Hunt' - IV. Presto con fuoco",['sonata']
beethoven,"Beethoven - Piano Sonata No. 19 in G Minor, Op. 49 No. 1 - I. Andante",['sonata']
beethoven,"Beethoven - Piano Sonata No. 19 in G Minor, Op. 49 No. 1 - II. Rondo. Allegro","['rondo', 'rondo_sonata']"
beethoven,"Beethoven - Piano Sonata No. 20 in G Major, Op. 49 No. 2 - I. Allegro ma non troppo",['sonata']
beethoven,"Beethoven - Piano Sonata No. 20 in G Major, Op. 49 No. 2 - II. Tempo di Menuetto",['rondo']
beethoven,"Beethoven - Piano Sonata No. 21 in C Major, Op. 53 'Waldstein' - I. Allegro con brio",['sonata']
beethoven,"Beethoven - Piano Sonata No. 21 in C Major, Op. 53 'Waldstein' - II. Introduzione. Adagio molto",['rondo']
beethoven,"Beethoven - Piano Sonata No. 21 in C Major, Op. 53 'Waldstein' - III. Rondo. Allegretto moderato...",['rondo']
beethoven,"Beethoven - Piano Sonata No. 22 in F Major, Op. 54 - I. In Tempo d'un Menuetto","['rondo', 'minuet_and_trio']"
beethoven,"Beethoven - Piano Sonata No. 22 in F Major, Op. 54 - II. Allegretto - Più Allegro",['sonata']
beethoven,"Beethoven - Piano Sonata No. 23 in F Minor, Op. 57 'Appassionata' - I. Allegro assai",['sonata']
beethoven,"Beethoven - Piano Sonata No. 23 in F Minor, Op. 57 'Appassionata' - II. Andante con moto",['theme_and_variations']
beethoven,"Beethoven - Piano Sonata No. 23 in F Minor, Op. 57 'Appassionata' - III. Allegro ma non troppo",['sonata']
beethoven,"Beethoven - Piano Sonata No. 24 in F-Sharp Major, Op. 78 'À Thérèse' - I. Adagio cantabile -...",['sonata']
beethoven,"Beethoven - Piano Sonata No. 24 in F-Sharp Major, Op. 78 'À Thérèse' - II. Allegro vivace","['rondo', 'sonata']"
beethoven,"Beethoven - Piano Sonata No. 25 in G Major, Op. 79 'Sonatina' - I. Presto alla tedesca",['sonata']
beethoven,"Beethoven - Piano Sonata No. 25 in G Major, Op. 79 'Sonatina' - II. Andante",['ternary']
beethoven,"Beethoven - Piano Sonata No. 25 in G Major, Op. 79 'Sonatina' - III. Vivace",['rondo']
beethoven,"Beethoven - Piano Sonata No. 26 in E-Flat Major, Op. 81a 'Les Adieux' - I. Das Lebewohl. Adagio...",['sonata']
beethoven,"Beethoven - Piano Sonata No. 26 in E-Flat Major, Op. 81a 'Les Adieux' - II. Abwesenheit. Andante...",['sonata']
beethoven,"Beethoven - Piano Sonata No. 26 in E-Flat Major, Op. 81a 'Les Adieux' - III. Das Wiedersehen....",['sonata']
beethoven,"Beethoven - Piano Sonata No. 27 in E Minor, Op. 90 - I. Mit Lebhaftigkeit und durchaus mit...",['sonata']
beethoven,"Beethoven - Piano Sonata No. 27 in E Minor, Op. 90 - II. Nicht zu geschwind und sehr singbar...","['rondo', 'rondo_sonata']"
beethoven,"Beethoven - Piano Sonata No. 28 in A Major, Op. 101 - I. Etwas lebhaft und mit der innigsten...",['sonata']
beethoven,"Beethoven - Piano Sonata No. 28 in A Major, Op. 101 - II. Lebhaft, marschmäßig. Vivace alla marcia",['ternary']
beethoven,"Beethoven - Piano Sonata No. 28 in A Major, Op. 101 - III. Langsam und sehnsuchtsvoll. Adagio ma...",['introduction']
beethoven,"Beethoven - Piano Sonata No. 28 in A Major, Op. 101 - IV. Geschwind, doch nicht zu sehr und mit...",['sonata']
beethoven,"Beethoven - Piano Sonata No. 29 in B-Flat Major, Op. 106 'Hammerklavier' - I. Allegro",['sonata']
beethoven,"Beethoven - Piano Sonata No. 29 in B-Flat Major, Op. 106 'Hammerklavier' - II. Scherzo. Assai vivace","['ternary', 'scherzo_and_trio']"
beethoven,"Beethoven - Piano Sonata No. 29 in B-Flat Major, Op. 106 'Hammerklavier' - III. Adagio sostenuto",['sonata']
beethoven,"Beethoven - Piano Sonata No. 29 in B-Flat Major, Op. 106 'Hammerklavier' - IV. Introduzione",['rondo_and_fugue']
beethoven,"Beethoven - Piano Sonata No. 30 in E Major, Op. 109 - I. Vivace, ma non troppo - Adagio...","['rondo', 'sonata']"
beethoven,"Beethoven - Piano Sonata No. 30 in E Major, Op. 109 - II. Prestissimo",['sonata']
beethoven,"Beethoven - Piano Sonata No. 30 in E Major, Op. 109 - III. Gesangvoll, mit innigster Empfindung. Andante molto cantabile ed espressivo",['theme_and_variations']
beethoven,"Beethoven - Piano Sonata No. 31 in A-Flat Major, Op. 110 - I. Moderato cantabile molto espressivo",['sonata']
beethoven,"Beethoven - Piano Sonata No. 31 in A-Flat Major, Op. 110 - II. Allegro molto","['ternary', 'scherzo_and_trio']"
beethoven,"Beethoven - Piano Sonata No. 31 in A-Flat Major, Op. 110 - III. Adagio ma non troppo",['binary']
beethoven,"Beethoven - Piano Sonata No. 31 in A-Flat Major, Op. 110 - IV. Allegro molto",['fugue']
beethoven,"Beethoven - Piano Sonata No. 32 in C Minor, Op. 111 - I. Maestoso - Allegro con brio ed appassionato",['sonata']
beethoven,"Beethoven - Piano Sonata No. 32 in C Minor, Op. 111 - II. Arietta: Adagio molto semplice e cantabile",['theme_and_variations']
haydn,"Keyboard Sonata No. 10 in C Major, Hob. XVI, 1 - I. Allegro",['sonata']
haydn,"Keyboard Sonata No. 10 in C Major, Hob. XVI, 1 - II. Adagio",['minuet_and_trio']
haydn,"Keyboard Sonata No. 10 in C Major, Hob. XVI, 1 - III. Menuet",['minuet_and_trio']
haydn,"Keyboard Sonata No. 11 in B-Flat Major, Hob. XVI, 2 - I. Moderato",['sonata']
haydn,"Keyboard Sonata No. 11 in B-Flat Major, Hob. XVI, 2 - II. Largo",['binary']
haydn,"Keyboard Sonata No. 11 in B-Flat Major, Hob. XVI, 2 - III. Menuet",['minuet_and_trio']
haydn,"Keyboard Sonata No. 14 in C Major, Hob. XVI, 3 - I. Allegretto",['sonata']
haydn,"Keyboard Sonata No. 14 in C Major, Hob. XVI, 3 - II. Andante",['sonata']
haydn,"Keyboard Sonata No. 9 in D Major, Hob. XVI, 4 - II. Menuet",['minuet_and_trio']
haydn,"Keyboard Sonata No. 8 in A Major, Hob. XVI, 5 - II. Menuet",['minuet_and_trio']
haydn,"Keyboard Sonata No. 13 in G Major, Hob. XVI, 6 - I. Allegro",['binary']
haydn,"Keyboard Sonata No. 13 in G Major, Hob. XVI -6 - III. Adagio","['binary', 'minuet_and_trio']"
haydn,"Keyboard Sonata No. 3 in F Major, Hob. XVI, 9 - II. Menuet",['minuet_and_trio']
haydn,"Keyboard Sonata No. 6 in C Major, Hob. XVI, 10 - II. Menuet",['minuet_and_trio']
haydn,"Keyboard Sonata No. 5 in G Major, Hob. XVI, 11 - III. Menuet",['binary']
haydn,"Keyboard Sonata No. 12 in A Major, Hob. XVI, 12 - II. Menuet",['minuet_and_trio']
haydn,"Keyboard Sonata No. 15 in E Major, Hob. XVI, 13 - I. Moderato",['sonata']
haydn,"Keyboard Sonata No. 15 in E Major, Hob. XVI, 13 - II. Menuet","['minuet_and_trio', 'ternary']"
haydn,"Keyboard Sonata No. 15 in E Major, Hob. XVI, 13 - III. Finale - Presto",['sonata']
haydn,"Keyboard Sonata No. 16 in D Major, Hob. XVI, 14 - I. Allegretto moderato",['sonata']
haydn,"Keyboard Sonata No. 16 in D Major, Hob. XVI, 14 - II. Menuet","['minuet_and_trio', 'ternary']"
haydn,"Keyboard Sonata No. 16 in D Major, Hob. XVI, 14 - III. Finale - Allegro",['binary']
haydn,"Keyboard Sonata in E-Flat Major, Hob. XVI, 16 - I. Andante",['binary']
haydn,"Keyboard Sonata in E-Flat Major, Hob. XVI, 16 - II. Menuetto",['minuet_and_trio']
haydn,"Keyboard Sonata in E-Flat Major, Hob. XVI, 16 - III. Presto",['minuet_and_trio']
haydn,"Keyboard Sonata No. 20 in B-Flat Major, Hob. XVI, 18 - I. Allegro moderato",['sonata']
haydn,"Keyboard Sonata No. 20 in B-Flat Major, Hob. XVI, 18 - II. Moderato",['sonata']
haydn,"Keyboard Sonata No. 20 in B-Flat Major, Hob. XVI, 18 - III. Allegro",['sonata']
haydn,"Keyboard Sonata No. 30 in D Major, Hob. XVI, 19 - I. Moderato",['sonata']
haydn,"Keyboard Sonata No. 30 in D Major, Hob. XVI, 19 - II. Andante",['binary']
haydn,"Keyboard Sonata No. 30 in D Major, Hob. XVI, 19 - III. Finale - Allegro assai",['rondo']
haydn,"Keyboard Sonata No. 33 in C Minor, Hob. XVI, 20 - I. Moderato",['sonata']
haydn,"Keyboard Sonata No. 33 in C Minor, Hob. XVI, 20 - III. Finale - Allegro",['sonata']
haydn,"Keyboard Sonata No. 36 in C Major, Hob. XVI, 21 - I. Allegro",['sonata']
haydn,"Keyboard Sonata No. 36 in C Major, Hob. XVI, 21 - II. Adagio","['minuet_and_trio', 'ternary']"
haydn,"Keyboard Sonata No. 36 in C Major, Hob. XVI, 21 - III. Finale - Presto",['sonata']
haydn,"Keyboard Sonata No. 37 in E Major, Hob. XVI, 22 - I. Allegro moderato",['sonata']
haydn,"Keyboard Sonata No. 37 in E Major, Hob. XVI, 22 - II. Andante","['sonata', 'ternary']"
haydn,"Keyboard Sonata No. 37 in E Major, Hob. XVI, 22 - III. Finale - Tempo di menuet",['minuet_and_trio']
haydn,"Keyboard Sonata No. 38 in F Major, Hob. XVI, 23 - I. Moderato",['sonata']
haydn,"Keyboard Sonata No. 38 in F Major, Hob. XVI, 23 - II. Adagio",['binary']
haydn,"Keyboard Sonata No. 38 in F Major, Hob. XVI, 23 - III. Finale - Presto","['sonata', 'rondo']"
haydn,"Keyboard Sonata No. 39 in D Major, Hob. XVI, 24 - I. Allegro",['sonata']
haydn,"Keyboard Sonata No. 39 in D Major, Hob. XVI, 24 - II. Adagio","['sonata', 'scherzo_and_trio']"
haydn,"Keyboard Sonata No. 39 in D Major, Hob. XVI, 24 - III. Finale - Presto","['theme_and_variation', 'scherzo_and_trio']"
haydn,"Keyboard Sonata No. 40 in E-Flat Major, Hob. XVI, 25 - I. Moderato",['sonata']
haydn,"Keyboard Sonata No. 40 in E-Flat Major, Hob. XVI, 25 - II. Tempo di menuet",['minuet_and_trio']
haydn,"Keyboard Sonata No. 41 in A Major, Hob. XVI, 26 - I. Allegro moderato",['sonata']
haydn,"Keyboard Sonata No. 41 in A Major, Hob. XVI, 26 - II. Menuet al rovescio",['minuet_and_trio']
haydn,"Keyboard Sonata No. 41 in A Major, Hob. XVI, 26 - III. Finale - Presto",['binary']
haydn,"Keyboard Sonata No. 42 in G Major, Hob. XVI, 27 - I. Allegro con brio",['sonata']
haydn,"Keyboard Sonata No. 42 in G Major, Hob. XVI, 27 - II. Menuet",['minuet_and_trio']
haydn,"Keyboard Sonata No. 42 in G Major, Hob. XVI, 27 - III. Finale - Presto",['theme_and_variation']
haydn,"Keyboard Sonata No. 43 in E-Flat Major, Hob. XVI, 28 - I. Allegro moderato",['sonata']
haydn,"Keyboard Sonata No. 43 in E-Flat Major, Hob. XVI, 28 - II. Menuet","['minuet_and_trio', 'sonata', 'binary']"
haydn,"Keyboard Sonata No. 43 in E-Flat Major, Hob. XVI, 28 - III. Finale - Presto","['theme_and_variation', 'sonata']"
haydn,"Keyboard Sonata No. 44 in F Major, Hob. XVI, 29 - I. Moderato",['sonata']
haydn,"Keyboard Sonata No. 44 in F Major, Hob. XVI, 29 - II. Adagio",['sonata']
haydn,"Keyboard Sonata No. 44 in F Major, Hob. XVI, 29 - III. Tempo di menuet",['ternary']
haydn,"Keyboard Sonata No. 45 in A Major, Hob. XVI, 30 - I. Allegro - Adagio",['sonata']
haydn,"Keyboard Sonata No. 46 in E Major, Hob. XVI, 31 - I. Moderato",['sonata']
haydn,"Keyboard Sonata No. 46 in E Major, Hob. XVI, 31 - III. Finale - Presto",['theme_and_variation']
haydn,"Keyboard Sonata No. 47 in B Minor, Hob. XVI, 32 - I. Allegro moderato",['sonata']
haydn,"Keyboard Sonata No. 47 in B Minor, Hob. XVI, 32 - II. Menuet",['minuet_and_trio']
haydn,"Keyboard Sonata No. 47 in B Minor, Hob. XVI, 32 - III. Finale - Presto",['sonata']
haydn,"Keyboard Sonata No. 47 in D Major, Hob. XVI, 33 - III. Tempo di menuet",['rondo']
haydn,"Keyboard Sonata No. 53 in E Minor, Hob. XVI, 34 - I. Presto",['sonata']
haydn,"Keyboard Sonata No. 53 in E Minor, Hob. XVI, 34 - II. Adagio - Vivace molto innocentemente",['ternary']
haydn,"Keyboard Sonata No. 53 in E Minor, Hob. XVI, 34 - III. Finale: Molto vivace",['rondo']
haydn,"Keyboard Sonata No. 48 in C Major, Hob. XVI, 35 - I. Allegro con brio",['sonata']
haydn,"Keyboard Sonata No. 48 in C Major, Hob. XVI, 35 - II. Adagio",['binary']
haydn,"Keyboard Sonata No. 48 in C Major, Hob. XVI, 35 - III. Finale - Allegro",['rondo']
haydn,"Keyboard Sonata No. 49 in C-Sharp Minor, Hob. XVI, 36 - I. Moderato",['sonata']
haydn,"Keyboard Sonata No. 49 in C-Sharp Minor, Hob. XVI, 36 - II. Scherzando - Allegro con brio",['rondo']
haydn,"Keyboard Sonata No. 49 in C-Sharp Minor, Hob. XVI, 36 - III. Menuet - Moderato","['minuet_and_trio', 'ternary']"
haydn,"Keyboard Sonata No. 50 in D Major, Hob. XVI, 37 - I. Allegro con brio",['sonata']
haydn,"Keyboard Sonata No. 50 in D Major, Hob. XVI, 37 - II. Largo e sostenuto",['binary']
haydn,"Keyboard Sonata No. 50 in D Major, Hob. XVI, 37 - III. Finale - Presto",['rondo']
haydn,"Keyboard Sonata No. 51 in E-Flat Major, Hob. XVI, 38 - I. Allegro moderato",['sonata']
haydn,"Keyboard Sonata No. 51 in E-Flat Major, Hob. XVI, 38 - II. Adagio","['binary', 'sonata']"
haydn,"Keyboard Sonata No. 51 in E-Flat Major, Hob. XVI, 38 - III. Finale - Allegro","['ternary', 'minuet_and_trio']"
haydn,"Keyboard Sonata No. 52 in G Major, Hob. XVI, 39 - I. Allegro con brio",['rondo']
haydn,"Keyboard Sonata No. 52 in G Major, Hob. XVI, 39 - II. Adagio",['binary']
haydn,"Keyboard Sonata No. 52 in G Major, Hob. XVI, 39 - III. Prestissimo",['sonata']
haydn,"Keyboard Sonata No. 54 in G Major, Hob. XVI, 40 - I. Allegretto innocente",['rondo']
haydn,"Keyboard Sonata No. 54 in G Major, Hob. XVI, 40 - II. Presto",['ternary']
haydn,"Keyboard Sonata No. 55 in B-Flat Major, Hob. XVI, 41 - I. Allegro",['sonata']
haydn,"Keyboard Sonata No. 55 in B-Flat Major, Hob. XVI, 41 - II. Allegro di molto","['minuet_and_trio', 'ternary']"
haydn,"Keyboard Sonata No. 56 in D Major, Hob. XVI, 42 - I. Andante con espressione","['theme_and_variation', 'ternary']"
haydn,"Keyboard Sonata No. 56 in D Major, Hob. XVI, 42 - II. Vivace assai",['binary']
haydn,"Keyboard Sonata No. 35 in A-Flat Major, Hob. XVI, 43 - I. Moderato",['sonata']
haydn,"Keyboard Sonata No. 35 in A-Flat Major, Hob. XVI, 43 - II. Menuetto",['minuet_and_trio']
haydn,"Keyboard Sonata No. 35 in A-Flat Major, Hob. XVI, 43 - III. Rondo - Presto",['rondo']
haydn,"Keyboard Sonata No. 32 in G Minor, Hob. XVI, 44 - I. Moderato",['sonata']
haydn,"Keyboard Sonata No. 32 in G Minor, Hob. XVI, 44 - II. Allegretto",['ternary']
haydn,"Keyboard Sonata No. 29 in E-Flat Major, Hob. XVI, 45 - I. Moderato",['sonata']
haydn,"Keyboard Sonata No. 29 in E-Flat Major, Hob. XVI, 45 - II. Andante",['sonata']
haydn,"Keyboard Sonata No. 29 in E-Flat Major, Hob. XVI, 45 - III. Finale - Allegro di molto",['sonata']
haydn,"Keyboard Sonata No. 31 in A-Flat Major, Hob. XVI, 46 - I. Allegro moderato",['sonata']
haydn,"Keyboard Sonata No. 31 in A-Flat Major, Hob. XVI, 46 - II. Adagio",['sonata']
haydn,"Keyboard Sonata No. 31 in A-Flat Major, Hob. XVI, 46 - III. Finale - Presto",['sonata']
haydn,"Keyboard Sonata No. 58 in C Major, Hob. XVI, 48 - I. Andante con espressione",['theme_and_variation']
haydn,"Keyboard Sonata No. 58 in C Major, Hob. XVI, 48 - II. Rondo - Presto","['rondo', 'rondo_sonata']"
haydn,"Keyboard Sonata No. 59 in E-Flat Major, Hob. XVI, 49 - I. Allegro",['sonata']
haydn,"Keyboard Sonata No. 59 in E-Flat Major, Hob. XVI, 49 - II. Adagio e cantabile","['ternary', 'theme_and_variation']"
haydn,"Keyboard Sonata No. 59 in E-Flat Major, Hob. XVI, 49 - III. Finale - Tempo di menuet","['rondo', 'ternary']"
haydn,"Keyboard Sonata No. 60 in C Major, Hob. XVI, 50 - I. Allegro",['sonata']
haydn,"Keyboard Sonata No. 60 in C Major, Hob. XVI, 50 - II. Adagio","['ternary', 'theme_and_variation']"
haydn,"Keyboard Sonata No. 60 in C Major, Hob. XVI, 50 - III. Allegro molto","['ternary', 'minuet_and_trio', 'scherzo_and_trio']"
haydn,"Keyboard Sonata No. 61 in D Major, Hob. XVI, 51 - I. Andante",['rondo_sonata']
haydn,"Keyboard Sonata No. 61 in D Major, Hob. XVI, 51 - II. Finale - Presto","['rondo', 'scherzo_and_trio']"
haydn,"Keyboard Sonata No. 62 in E-Flat Major, Hob. XVI, 52 - I. Allegro",['sonata']
haydn,"Keyboard Sonata No. 62 in E-Flat Major, Hob. XVI, 52 - II. Adagio","['ternary', 'theme_and_variation']"
haydn,"Keyboard Sonata No. 62 in E-Flat Major, Hob. XVI, 52 - III. Finale - Presto",['sonata']
